date,temperature,condition,feelslike,humidity,sunrise,sunset 
Wed25 Mar,34 / 20 °C,Mostly sunny.,32 °C,28%,05:57,18:11
Thu26 Mar,37 / 24 °C,Mostly sunny.,35 °C,25%,05:56,18:11
Fri27 Mar,38 / 24 °C,Sunny.,36 °C,22%,05:55,18:12
Sat28 Mar,39 / 26 °C,Mostly sunny.,37 °C,22%,05:54,18:12
Sun29 Mar,38 / 25 °C,Mostly sunny.,34 °C,16%,05:53,18:13
Mon30 Mar,36 / 26 °C,Sunny.,34 °C,12%,05:52,18:13
Tue31 Mar,37 / 27 °C,Sunny.,34 °C,9%,05:51,18:13
Wed1 Apr,37 / 27 °C,Sunny.,34 °C,11%,05:50,18:14
Thu2 Apr,37 / 24 °C,Increasing cloudiness.,35 °C,19%,05:49,18:14
Fri3 Apr,39 / 25 °C,Mostly sunny.,40 °C,28%,05:48,18:15
Sat4 Apr,39 / 25 °C,Clearing skies.,37 °C,19%,05:47,18:15
Sun5 Apr,39 / 25 °C,Morning clouds.,36 °C,10%,05:46,18:15
Mon6 Apr,39 / 25 °C,Decreasing cloudiness.,40 °C,27%,05:45,18:16
Tue7 Apr,40 / 25 °C,Scattered clouds.,43 °C,28%,05:44,18:16
Wed8 Apr,40 / 25 °C,Sprinkles late. Mostly sunny.,44 °C,33%,05:43,18:16
